{"mean":{"confidence_interval":{"confidence_level":0.95,"lower_bound":-0.009654478927357754,"upper_bound":0.002925960358146389},"point_estimate":-0.0035408617828323052,"standard_error":0.00317621132368474},"median":{"confidence_interval":{"confidence_level":0.95,"lower_bound":-0.014476740055236359,"upper_bound":0.0044477541910755425},"point_estimate":-0.004790347390909555,"standard_error":0.005137206114525476}}