{"mean":{"confidence_interval":{"confidence_level":0.95,"lower_bound":-0.020307932916593316,"upper_bound":-0.00963667577441545},"point_estimate":-0.014674359621313249,"standard_error":0.002687980083285586},"median":{"confidence_interval":{"confidence_level":0.95,"lower_bound":-0.014286703474180151,"upper_bound":-0.002423066846844013},"point_estimate":-0.008531761529375848,"standard_error":0.0028982355641319047}}