{"mean":{"confidence_interval":{"confidence_level":0.95,"lower_bound":-0.00856536846470994,"upper_bound":0.004870354841912819},"point_estimate":-0.0020395019847727625,"standard_error":0.0034235730461678977},"median":{"confidence_interval":{"confidence_level":0.95,"lower_bound":-0.010168899086845373,"upper_bound":0.009835199663039251},"point_estimate":0.00018828728355924085,"standard_error":0.004877195651374153}}