{"mean":{"confidence_interval":{"confidence_level":0.95,"lower_bound":499.33965539390954,"upper_bound":503.5781018834943},"point_estimate":501.4533249646606,"standard_error":1.0787807806882561},"median":{"confidence_interval":{"confidence_level":0.95,"lower_bound":499.0977005620848,"upper_bound":504.04647752771547},"point_estimate":502.03385224333476,"standard_error":1.494440214675888},"median_abs_dev":{"confidence_interval":{"confidence_level":0.95,"lower_bound":9.143262876134928,"upper_bound":14.40521707720304},"point_estimate":12.009626635643,"standard_error":1.3543676771055755},"slope":{"confidence_interval":{"confidence_level":0.95,"lower_bound":500.86847703834275,"upper_bound":505.69148481306934},"point_estimate":503.2513494981771,"standard_error":1.2294658038679604},"std_dev":{"confidence_interval":{"confidence_level":0.95,"lower_bound":9.310713207088263,"upper_bound":12.194124881812389},"point_estimate":10.823680367868505,"standard_error":0.7382215725332121}}