{"mean":{"confidence_interval":{"confidence_level":0.95,"lower_bound":-0.016899296576553056,"upper_bound":0.0007632772863866322},"point_estimate":-0.007454979239591264,"standard_error":0.004503936214216439},"median":{"confidence_interval":{"confidence_level":0.95,"lower_bound":-0.012049874458098575,"upper_bound":0.007173418463585657},"point_estimate":-0.0012074229421223936,"standard_error":0.004825292936107751}}