{"mean":{"confidence_interval":{"confidence_level":0.95,"lower_bound":0.02089888010503726,"upper_bound":0.04447672099157475},"point_estimate":0.031335024074923945,"standard_error":0.006105019349448819},"median":{"confidence_interval":{"confidence_level":0.95,"lower_bound":0.020616770839876786,"upper_bound":0.03520547588348277},"point_estimate":0.03000086662295809,"standard_error":0.0036418351703902635}}