{"mean":{"confidence_interval":{"confidence_level":0.95,"lower_bound":-0.003392614706957844,"upper_bound":0.007993804197789611},"point_estimate":0.0022428943977104154,"standard_error":0.00289969892510115},"median":{"confidence_interval":{"confidence_level":0.95,"lower_bound":-0.0008721977536806369,"upper_bound":0.011857249109468674},"point_estimate":0.005888627835387572,"standard_error":0.0035058127270939116}}