{"mean":{"confidence_interval":{"confidence_level":0.95,"lower_bound":-0.018233573131414407,"upper_bound":-0.006716803021081931},"point_estimate":-0.012496551365516528,"standard_error":0.0029353200293783083},"median":{"confidence_interval":{"confidence_level":0.95,"lower_bound":-0.018526456057905084,"upper_bound":-0.0050797999553312545},"point_estimate":-0.01189269703274154,"standard_error":0.003676357027588695}}