{"mean":{"confidence_interval":{"confidence_level":0.95,"lower_bound":62514793.219,"upper_bound":62926511.45275},"point_estimate":62714329.46,"standard_error":105466.71695869096},"median":{"confidence_interval":{"confidence_level":0.95,"lower_bound":62166344.0,"upper_bound":62521304.0},"point_estimate":62414371.5,"standard_error":103263.25712032508},"median_abs_dev":{"confidence_interval":{"confidence_level":0.95,"lower_bound":593654.8236805205,"upper_bound":1150371.5585768223},"point_estimate":921723.5080361366,"standard_error":143534.5056451738},"slope":null,"std_dev":{"confidence_interval":{"confidence_level":0.95,"lower_bound":863535.7365055423,"upper_bound":1254655.3129519087},"point_estimate":1059620.2761039326,"standard_error":100685.95122919093}}