{"mean":{"confidence_interval":{"confidence_level":0.95,"lower_bound":0.01593656762770683,"upper_bound":0.02536367809616002},"point_estimate":0.020748300311962842,"standard_error":0.0024023114514846993},"median":{"confidence_interval":{"confidence_level":0.95,"lower_bound":0.018685909437922366,"upper_bound":0.032445404183093655},"point_estimate":0.026737045325561315,"standard_error":0.003483499316340516}}