{"mean":{"confidence_interval":{"confidence_level":0.95,"lower_bound":-0.023194866128736526,"upper_bound":-0.011070789809338318},"point_estimate":-0.017169579858041684,"standard_error":0.0030794077980451653},"median":{"confidence_interval":{"confidence_level":0.95,"lower_bound":-0.021759102521830442,"upper_bound":-0.009147675967297597},"point_estimate":-0.01614236689652082,"standard_error":0.0034319940917121048}}