{"mean":{"confidence_interval":{"confidence_level":0.95,"lower_bound":-0.010328569204688165,"upper_bound":0.00502970422309972},"point_estimate":-0.0025011851545871933,"standard_error":0.0039050353350702904},"median":{"confidence_interval":{"confidence_level":0.95,"lower_bound":-0.014528195630192765,"upper_bound":0.0047931065492439195},"point_estimate":-0.003217888108795419,"standard_error":0.004796645662963138}}